plotWnum,plotSpec
44302,57.0647845153669
44302.102,53.217287847942
44302.199,61.752440374365
44302.301,63.4661239367923
44302.398,53.456367140013
44302.5,62.0720463729647
44302.602,51.3195084527157
44302.699,61.0819703588782
44302.801,53.0226588195252
44302.898,53.5576798704098
44303,65.7487100922856
44303.102,57.96579295091
44303.199,54.4341720497492
44303.301,63.047064603226
44303.398,58.1925276517002
44303.5,54.7943815093899
44303.602,65.8115904299865
44303.699,59.3142743807261
44303.801,71.1060977842625
44303.898,60.0866068706325
44304,72.6223855399287
44304.102,78.1113401651061
44304.199,81.2335758778633
44304.301,87.1614376537574
44304.398,82.8634578207362
44304.5,94.6742864502938
44304.602,98.7064960612463
44304.699,97.1641162219526
44304.801,126.87741022294
44304.898,116.290773166951
44305,118.634060558306
44305.102,117.046546451317
44305.199,109.467926987794
44305.301,119.327983292145
44305.398,124.554898667092
44305.5,133.610293496549
44305.602,131.167445505638
44305.699,141.207521003372
44305.801,148.844135749108
44305.898,146.100846459038
44306,144.612579842626
44306.102,157.345932028465
44306.199,162.578550807284
44306.301,155.555346870391
44306.398,174.532199016988
44306.5,169.873340949268
44306.602,168.065781055852
44306.699,170.794076320008
44306.801,179.676830042287
44306.898,173.984026866361
44307,172.318838309123
44307.102,167.555380602084
44307.199,171.451752563786
44307.301,161.090000273422
44307.398,166.089750002277
44307.5,182.754014373723
44307.602,159.370425044339
44307.699,153.850577692245
44307.801,160.342084228143
44307.898,149.381213896255
44308,148.427156216138
44308.102,149.315023066931
44308.199,148.882785317226
44308.301,149.932280408038
44308.398,150.690302444525
44308.5,147.407048211479
44308.602,140.483193711393
44308.699,143.096215173348
44308.801,142.557794264408
44308.898,141.69588432251
44309,151.049622951877
44309.102,156.360309337152
44309.199,137.79862018929
44309.301,141.332443317049
44309.398,143.032087306438
44309.5,147.987098315597
44309.602,140.72251274264
44309.699,138.450952238944
44309.801,141.829330901525
44309.898,131.094356163231
44310,140.648922630932
44310.102,136.918810771752
44310.199,129.681085107639
44310.301,136.891129379707
44310.398,139.740487515814
44310.5,142.13514263527
44310.602,140.476092972364
44310.699,149.896996459767
44310.801,148.639280898611
44310.898,141.897821721473
44311,143.276940871985
44311.102,158.269233672951
44311.199,158.671526310495
44311.301,151.498048078408
44311.398,151.437160712345
44311.5,156.816589359194
44311.602,158.246697259022
44311.699,159.70827908226
44311.801,168.562772644521
44311.898,168.193744309459
44312,155.141498456331
44312.102,163.917474703025
44312.199,164.332176974498
44312.301,163.526681502338
44312.398,161.205030808022
44312.5,158.887752122714
44312.602,152.402667312145
44312.699,148.439023755122
44312.801,151.298374846301
44312.898,150.29403761862
44313,146.64578615329
44313.102,129.473960894085
44313.199,131.342424273967
44313.301,132.00886616676
44313.398,124.405600183101
44313.5,117.240891782865
44313.602,113.063471646048
44313.699,104.461316204664
44313.801,111.692686537414
44313.898,99.5366514150219
44314,90.3342358046239
44314.102,93.9855907847744
44314.199,83.8000775641968
44314.301,87.648671313703
44314.398,82.3080716876811
44314.5,86.0898131847684
44314.602,70.1695255506872
44314.699,75.6302612553094
44314.801,75.898997130853
44314.898,68.1586706411708
44315,71.4352165947999
44315.102,73.6007747057455
44315.199,62.5297942694547
44315.301,71.823475208847
44315.398,76.4630274448979
44315.5,68.2831239436164
44315.602,57.2218567039386
44315.699,66.016600932198
44315.801,78.8085005158974
44315.898,64.9380693299078
44316,76.5323713448385
44316.102,69.413724739794
44316.199,68.1247330819427
44316.301,75.0010284785693
44316.398,74.6119758119513
44316.5,83.6723434786131
44316.602,79.5530806519455
44316.699,75.7736173505418
44316.801,85.0728988167834
44316.898,83.8711423272321
44317,104.331233314808
44317.102,103.297491377918
44317.199,106.916044508416
44317.301,114.755710881853
44317.398,113.576900211905
44317.5,116.258363930651
44317.602,111.220150417113
44317.699,137.221552811945
44317.801,131.868195362485
44317.898,141.880662797325
44318,143.752660976997
44318.102,151.125561535302
44318.199,150.735789288574
44318.301,151.13980392849
44318.398,161.631313844837
44318.5,167.664493928171
44318.602,152.160805481084
44318.699,169.640448770945
44318.801,169.619759302597
44318.898,160.879778272124
44319,159.491215469215
44319.102,144.705879222175
44319.199,150.728067300948
44319.301,144.339975549015
44319.398,145.433910871891
44319.5,139.51207203416
44319.602,128.051726903288
44319.699,127.151790331751
44319.801,123.356000069807
44319.898,109.480921977978
44320,115.101999203324
44320.102,105.344847532511
44320.199,102.86996993977
44320.301,104.371653286105
44320.398,98.4362457287519
44320.5,99.9609761520157
44320.602,85.6555862134979
44320.699,83.6780086347615
44320.801,82.4295252381557
44320.898,81.4304035829515
44321,81.8298796844723
44321.102,75.1736318696854
44321.199,92.132282905242
44321.301,80.0837057575138
44321.398,86.6941384523308
44321.5,72.8786381506607
44321.602,71.1491956025651
44321.699,71.0110646625439
44321.801,81.2683447584749
44321.898,81.83081471615
44322,75.202326194264
44322.102,69.9914404530261
44322.199,75.4631054809745
44322.301,86.0172544556113
44322.398,92.7994168115852
44322.5,101.660978543785
44322.602,98.46884409975
44322.699,102.043826474466
44322.801,99.9630555109423
44322.898,100.283949061626
44323,96.5559983394891
44323.102,114.22235801996
44323.199,107.435814034754
44323.301,102.874865786338
44323.398,128.833424845238
44323.5,123.756126801211
44323.602,128.833770969014
44323.699,121.143984821407
44323.801,127.981154629133
44323.898,130.767921345677
44324,143.792278631515
44324.102,134.293447508774
44324.199,125.703063408269
44324.301,127.58959614314
44324.398,121.83881378876
44324.5,134.064385440572
44324.602,123.956090334865
44324.699,133.027822424743
44324.801,121.732027981208
44324.898,121.271432108777
44325,113.652608365489
44325.102,113.540732540583
44325.199,123.336400829176
44325.301,121.091497943579
44325.398,112.906584387361
44325.5,118.886117113675
44325.602,112.134858048082
44325.699,101.261871117044
44325.801,103.010896328936
44325.898,103.285273272821
44326,105.325584179316
44326.102,108.457985274359
44326.199,108.207043164881
44326.301,103.122248848813
44326.398,108.827096542546
44326.5,100.71801622638
44326.602,108.747099462371
44326.699,95.4865968483792
44326.801,105.637793308861
44326.898,111.855280196626
44327,107.045233943733
44327.102,114.393076048583
44327.199,104.45291583939
44327.301,107.285384397214
44327.398,103.756278727719
44327.5,105.453642075827
44327.602,112.15987871778
44327.699,111.578234406805
44327.801,101.732271611806
44327.898,112.317170846225
44328,118.323940999577
44328.102,115.041939703703
44328.199,114.912651607303
44328.301,125.60842839891
44328.398,131.834568720081
44328.5,137.077363473752
44328.602,149.459902088843
44328.699,144.408408433714
44328.801,143.656377312573
44328.898,146.745361206131
44329,150.466190789042
44329.102,150.940613129937
44329.199,146.772728327261
44329.301,138.746465214892
44329.398,149.774262364733
44329.5,140.949828814154
44329.602,148.826102000286
44329.699,146.918896275325
44329.801,149.127534939046
44329.898,160.160932131523
44330,158.508667974687
44330.102,164.33345481728
44330.199,151.543466098871
44330.301,145.292610668093
44330.398,166.233853605907
44330.5,164.116180526281
44330.602,165.381189938694
44330.699,159.658576998354
44330.801,170.87538205637
44330.898,167.871455513951
44331,174.391484562101
44331.102,172.833143776235
44331.199,175.069280424001
44331.301,188.131537878797
44331.398,189.296205473579
44331.5,172.163208894882
44331.602,169.228565032984
44331.699,172.85052764793
44331.801,168.833429317014
44331.898,149.490212768153
44332,148.643704813128
44332.102,140.56336425707
44332.199,144.470010092996
44332.301,143.506412922326
44332.398,128.022596883024
44332.5,128.477996537447
44332.602,115.26837205731
44332.699,112.494520992437
44332.801,118.516121350697
44332.898,108.222981300161
44333,106.775178810489
44333.102,105.480550888144
44333.199,90.9512134067226
44333.301,99.7169067501852
44333.398,87.7830982984507
44333.5,95.9985150151489
44333.602,93.4128577616889
44333.699,94.3084851030232
44333.801,87.0617129970191
44333.898,87.4454353169987
44334,78.6978989622939
44334.102,71.0582263952512
44334.199,75.6719936028632
44334.301,81.8814896027266
44334.398,74.1571455016371
44334.5,76.9946726352472
44334.602,82.2917584368043
44334.699,85.1340232654931
44334.801,75.3243877703508
44334.898,71.1512183690904
44335,72.5432951296811
44335.102,89.0590081956634
44335.199,67.809009773691
44335.301,81.6371935913374
44335.398,80.0984676099744
44335.5,83.4328083154937
44335.602,75.3947992801121
44335.699,79.3923007850774
44335.801,99.9606144753293
44335.898,82.0255856376978
44336,103.73056198001
44336.102,94.5497419917805
44336.199,96.3719637685339
44336.301,96.670238563942
44336.398,93.8095394335776
44336.5,103.495220706035
44336.602,96.5589948528054
44336.699,99.6958627337059
44336.801,101.397805301127
44336.898,95.5841713342607
44337,90.7359044469181
44337.102,95.8412200327056
44337.199,78.0078047129077
44337.301,76.0124261915671
44337.398,77.699301434041
44337.5,64.6171565305548
44337.602,76.2937471083292
44337.699,66.5233485568736
44337.801,65.3366405211492
44337.898,61.5673404987871
44338,74.714875502447
44338.102,57.106664706518
44338.199,58.9232610667059
44338.301,54.4148087525572
44338.398,57.0340368070729
44338.5,55.1137423333697
44338.602,58.2331379274817
44338.699,45.8217035873404
44338.801,50.1925193009337
44338.898,40.8374945740864
44339,52.9574948037102
44339.102,56.7821071982665
44339.199,53.5353751663108
44339.301,46.1309955623606
44339.398,54.4618466762741
44339.5,48.5670525640094
44339.602,51.3149181131149
44339.699,55.8568211969997
44339.801,43.9854410918453
44339.898,49.3822395594578
44340,53.1193856627905
44340.102,58.7288487800357
44340.199,57.2291393421129
44340.301,59.318069360524
44340.398,59.1551931510948
44340.5,75.086346048201
44340.602,68.2234816392736
44340.699,62.7459577670334
44340.801,73.595129710675
44340.898,60.7809542705511
44341,81.7914628989414
44341.102,66.1188536902131
44341.199,85.3370872051451
44341.301,74.3918868952777
44341.398,85.697704048509
44341.5,81.6185950070922
44341.602,93.1408961960499
44341.699,89.812848408459
44341.801,93.1657642461739
44341.898,107.973495266678
44342,93.2430891895595
44342.102,106.074318646288
44342.199,97.9743240976912
44342.301,101.930803095968
44342.398,113.813896887264
44342.5,111.218544163744
44342.602,113.482628809727
44342.699,120.495242450359
44342.801,113.300355374862
44342.898,119.420100508539
44343,127.021717932068
44343.102,130.727609330405
44343.199,139.988316944567
44343.301,129.624161239026
44343.398,140.648414624631
44343.5,145.033686891172
44343.602,150.11511244892
44343.699,169.635369396397
44343.801,170.442855999338
44343.898,173.375999706662
44344,185.1314095586
44344.102,182.059594647954
44344.199,190.537904331445
44344.301,204.604507392644
44344.398,196.31531307213
44344.5,219.075916273023
44344.602,204.668813742453
44344.699,213.946137886804
44344.801,211.033924097599
44344.898,214.884339664411
44345,218.437534958964
44345.102,222.958503527225
44345.199,222.231906097447
44345.301,211.328618343767
44345.398,211.464572194161
44345.5,212.206864235595
44345.602,218.4241698393
44345.699,211.146989847238
44345.801,192.484430386533
44345.898,194.036917646361
44346,187.019519742659
44346.102,182.873498594066
44346.199,187.286206056112
44346.301,174.007040409923
44346.398,180.262961428569
44346.5,167.259709812056
44346.602,159.488314893505
44346.699,163.984824426151
44346.801,142.890579072092
44346.898,141.83639352864
44347,137.851662726363
44347.102,125.331494756017
44347.199,125.933764927641
44347.301,112.190330394827
44347.398,123.39140626994
44347.5,125.33839922421
44347.602,112.933052059265
44347.699,95.5349896486206
44347.801,117.799817042509
44347.898,96.9870189074437
44348,95.4161839589427
44348.102,96.4801042482285
44348.199,98.9288654732307
44348.301,91.282751023973
44348.398,117.279721583034
44348.5,92.9304402688799
44348.602,103.667479512659
44348.699,102.555890206982
44348.801,93.7179441650178
44348.898,93.8733024934926
44349,110.363059901196
44349.102,105.680854563092
44349.199,95.8802293015496
44349.301,102.106021282901
44349.398,104.344238418208
44349.5,110.027794986101
44349.602,113.059475872724
44349.699,113.80840831903
44349.801,113.846136308665
44349.898,109.492445552161
44350,116.960769954928
44350.102,100.362274143987
44350.199,115.999223929341
44350.301,105.07356824923
44350.398,106.908831917366
44350.5,93.5013514307201
44350.602,86.6031505185763
44350.699,90.8915640545341
44350.801,86.713074735642
44350.898,83.1453694431882
44351,77.7211934425203
44351.102,76.9845250497039
44351.199,72.6193273830802
44351.301,61.7022427107487
44351.398,55.1742739662038
44351.5,63.3173033325186
44351.602,58.9882820218626
44351.699,58.6143580928286
44351.801,44.5109866279948
44351.898,47.5890207847815
44352,50.8190449189258
44352.102,56.0079229430197
44352.199,39.2565950343899
44352.301,45.842922610208
44352.398,45.1571111286375
44352.5,44.412939988179
44352.602,36.8012975189053
44352.699,35.8790221350994
44352.801,36.6684093312487
44352.898,39.674396030117
44353,41.5309578377166
44353.102,50.4419286473185
44353.199,27.9550303436454
44353.301,43.1043107999208
44353.398,43.0952080575297
44353.5,35.9566514714186
44353.602,30.6705532909886
44353.699,34.1527788237935
44353.801,34.1446347996549
44353.898,39.6302680388816
44354,37.6785452086066
44354.102,40.6333745266877
44354.199,36.025003711559
44354.301,40.2348240073425
44354.398,36.4287936477044
44354.5,48.1597000060271
44354.602,33.6062187965294
44354.699,42.7426294076293
44354.801,52.4828474413416
44354.898,36.0901792856678
44355,40.7623440341894
44355.102,45.8044544435756
44355.199,42.6301572143611
44355.301,48.8634866817912
44355.398,46.0793285406176
44355.5,53.8093783872858
44355.602,45.6872181581227
44355.699,38.068696252783
44355.801,54.8586264787714
44355.898,49.6715758032768
44356,54.0830397772254
44356.102,59.7743019573898
44356.199,46.6237234418913
44356.301,58.7169981264009
44356.398,67.1289014884929
44356.5,52.9858633167071
44356.602,63.3356034373012
44356.699,68.6441324223361
44356.801,74.5771408577668
44356.898,85.5772356409554
44357,78.1726914466359
44357.102,90.2812882673861
44357.199,99.8278890241105
44357.301,104.299069675988
44357.398,107.253526347746
44357.5,116.067254595742
44357.602,128.131197819502
44357.699,125.115652973761
44357.801,139.910642241473
44357.898,146.264968621335
44358,137.684528425821
44358.102,142.807106419821
44358.199,152.619587265254
44358.301,147.706492242269
44358.398,144.677529120056
44358.5,157.988266026946
44358.602,159.956574752072
44358.699,158.818588527201
44358.801,151.628441157031
44358.898,154.271131089252
44359,161.568925312923
44359.102,154.873122235009
44359.199,150.866072931685
44359.301,146.575742631026
44359.398,145.826445110868
44359.5,146.060649521058
44359.602,145.606732526066
44359.699,137.605614224779
44359.801,133.900525396522
44359.898,138.386275773648
44360,137.387354568964
44360.102,135.014283974978
44360.199,129.677303304538
44360.301,122.021782336677
44360.398,129.737488753662
44360.5,134.821397400746
44360.602,139.502744790195
44360.699,130.950693923627
44360.801,129.283724738843
44360.898,129.749018766048
44361,127.627913758501
44361.102,122.475663615235
44361.199,124.433487563809
44361.301,122.380016316014
44361.398,129.938641325782
44361.5,133.933394345128
44361.602,140.293032516425
44361.699,135.464569054436
44361.801,135.266651623665
44361.898,146.24311670171
44362,139.266987049465
44362.102,145.430080295088
44362.199,145.835627082342
44362.301,159.857576627496
44362.398,165.384761074757
44362.5,161.441490932925
44362.602,170.094901942747
44362.699,179.169889957623
44362.801,180.430557846975
44362.898,180.722525717136
44363,185.908434045251
44363.102,187.166260843857
44363.199,182.497400355941
44363.301,194.589832703802
44363.398,196.840291218165
44363.5,193.552838366457
44363.602,193.151262260323
44363.699,191.588866337236
44363.801,188.503827004665
44363.898,180.244970432713
44364,180.979098819074
44364.102,176.412962902266
44364.199,176.166676776711
44364.301,151.452969376019
44364.398,145.973081268441
44364.5,152.126119156653
44364.602,147.86651228413
44364.699,136.077312420663
44364.801,119.902044843727
44364.898,117.007076567126
44365,119.862014591338
44365.102,114.806681731422
44365.199,105.85603386141
44365.301,87.0922211330516
44365.398,93.5545599034983
44365.5,74.2722549326162
44365.602,82.7618593241355
44365.699,76.6239736200477
44365.801,78.0127115501729
44365.898,69.2454689969946
44366,60.5010900340472
44366.102,61.8999654896224
44366.199,60.3088930948702
44366.301,49.5175944449044
44366.398,58.1235833064928
44366.5,48.8476537134205
44366.602,58.8988152028388
44366.699,53.4174339842142
44366.801,45.8750942222102
44366.898,40.7588638071479
44367,36.0079863627764
44367.102,50.2672756171797
44367.199,51.7618672911176
44367.301,44.4614097059286
44367.398,38.4587112167812
44367.5,44.0669863949926
44367.602,40.8239887261954
44367.699,41.5453892043844
44367.801,49.7265446791224
44367.898,37.6873169032022
44368,39.2096407752755
44368.102,31.111251437775
44368.199,33.4907737043718
44368.301,43.7745566895193
44368.398,34.129729888716
44368.5,26.2151849937396
44368.602,40.5917761341482
44368.699,40.6326566221978
44368.801,40.2834628832794
44368.898,42.1848773934399
44369,33.2944229680521
44369.102,39.6090640834507
44369.199,36.1411015918356
44369.301,40.5576908227596
44369.398,32.9540344636492
44369.5,40.2296175044196
44369.602,37.8783684441663
44369.699,51.3501225216816
44369.801,39.6548120554656
44369.898,43.6431101561752
44370,44.7641786657476
44370.102,39.996718680322
44370.199,51.2144239041341
44370.301,47.8214901641812
44370.398,52.9153377122092
44370.5,44.2676582475563
44370.602,45.2241566082137
44370.699,55.195114979585
44370.801,58.172680925316
44370.898,60.0039436374085
44371,64.7435638437689
44371.102,62.0751861363579
44371.199,63.8625057132575
44371.301,61.4873122791017
44371.398,71.7226414725163
44371.5,78.3118249362099
44371.602,86.4245026115762
44371.699,78.5163983892039
44371.801,90.0715522423533
44371.898,95.8277376404543
44372,102.284949592532
44372.102,99.1058034311392
44372.199,97.2158788082868
44372.301,104.777773531774
44372.398,105.504877799435
44372.5,112.612314863401
44372.602,104.597865550637
44372.699,111.415816457929
44372.801,111.995772593987
44372.898,119.5867992223
44373,119.545544419315
44373.102,114.890325696543
44373.199,105.481469710936
44373.301,103.179114476661
44373.398,93.5368708718192
44373.5,108.728532752463
44373.602,86.6746119477592
44373.699,99.8810433819513
44373.801,85.3407344957544
44373.898,90.1916671346051
44374,86.354280872203
44374.102,90.6832162004504
44374.199,92.9587291900119
44374.301,81.9303166432103
44374.398,90.7382817944169
44374.5,73.8109739352803
44374.602,74.2367228483413
44374.699,86.4519592378397
44374.801,86.3163146961139
44374.898,84.6709955487659
44375,74.8951038999436
44375.102,90.5258558405218
44375.199,94.4140516678536
44375.301,89.2663253758511
44375.398,88.5575488207158
44375.5,84.5901107386078
44375.602,90.7803591538126
44375.699,99.3882112389802
44375.801,94.7738669623255
44375.898,95.1054199417949
44376,99.5670624457159
44376.102,92.571888894687
44376.199,95.8816154213283
44376.301,91.900360498408
44376.398,91.046951606542
44376.5,99.8526260348632
44376.602,108.76268140078
44376.699,102.578215732575
44376.801,112.150627477432
44376.898,103.491770595235
44377,109.753747307451
44377.102,107.841281889089
44377.199,116.859364748244
44377.301,119.499897584258
44377.398,114.732591909106
44377.5,114.865816893915
44377.602,104.749858053492
44377.699,115.367515880334
44377.801,131.739591285583
44377.898,140.948465596888
44378,133.802155315624
44378.102,134.08263296813
44378.199,139.464730126792
44378.301,128.647636802902
44378.398,147.036140148219
44378.5,143.636918625286
44378.602,138.938688080617
44378.699,144.945429207941
44378.801,145.785631147126
44378.898,145.973384162051
44379,150.598846031275
44379.102,144.712738375966
44379.199,143.523612752699
44379.301,150.130129437658
44379.398,126.439082244377
44379.5,141.099445933024
44379.602,128.952422147797
44379.699,138.078249681826
44379.801,145.584334543624
44379.898,125.850953008608
44380,136.964658676376
44380.102,132.300004021995
44380.199,142.901784836764
44380.301,141.08502742471
44380.398,133.37081516511
44380.5,145.862731203551
44380.602,148.53891466005
44380.699,139.391844342491
44380.801,142.677388760108
44380.898,155.276576667578
44381,144.929238858202
44381.102,151.860335546256
44381.199,154.373805147523
44381.301,149.128606531465
44381.398,149.421781444862
44381.5,134.992548097369
44381.602,139.109592011869
44381.699,138.585172666143
44381.801,131.538187811779
44381.898,130.500335602237
44382,104.037013148286
44382.102,113.73867865149
44382.199,104.911312387413
44382.301,99.99906344399
44382.398,100.716815979856
44382.5,89.0150309658981
44382.602,88.1921090362338
44382.699,75.1105312759194
44382.801,77.5728032162034
44382.898,76.4819835442728
44383,69.9738473784395
44383.102,63.9976850321308
44383.199,70.035220559119
44383.301,71.0756018401685
44383.398,62.1936146248831
44383.5,50.2359656420273
44383.602,55.7009656906821
44383.699,53.3791596028166
44383.801,37.3278622280622
44383.898,49.6236169428973
44384,54.0463679729295
44384.102,53.564787129043
44384.199,36.4472959048775
44384.301,46.3050422454011
44384.398,52.3936247153377
44384.5,43.3191804975113
44384.602,51.0358785381893
44384.699,40.6303183756443
44384.801,52.6135889495917
44384.898,55.5739519988831
44385,52.3392524224163
44385.102,46.8716818717978
44385.199,48.2866690908716
44385.301,45.5144357651008
44385.398,47.648895207245
44385.5,55.1601395855509
44385.602,53.2334217183135
44385.699,55.1014896796729
44385.801,61.119355092137
44385.898,61.2738441630717
44386,61.3207214342111
44386.102,68.2692678888297
44386.199,65.2785464912466
44386.301,60.006768844541
44386.398,70.2235348111317
44386.5,85.4178445100518
44386.602,76.3820749335307
44386.699,74.3349201379585
44386.801,86.4872972070371
44386.898,86.4901078123097
44387,98.2205913154939
44387.102,104.23786081028
44387.199,99.9666102303966
44387.301,109.691172872967
44387.398,104.373178158561
44387.5,105.498980792356
44387.602,101.257428344562
44387.699,107.819878807077
44387.801,118.865510576209
44387.898,111.122238781921
44388,103.812927094061
44388.102,101.733876576331
44388.199,99.7367006907494
44388.301,104.543333202155
44388.398,95.9737524251601
44388.5,93.3283968839875
44388.602,89.4723627466502
44388.699,84.2870999213588
44388.801,71.5379002629154
44388.898,86.4006742486991
44389,65.5849283555807
44389.102,56.3990153210303
44389.199,67.04719956135
44389.301,71.8192653266245
44389.398,65.366813636523
44389.5,62.2715335122946
44389.602,61.5009308546386
44389.699,63.6614965130377
44389.801,62.814986821537
44389.898,64.5130429332464
44390,54.8816867820666
44390.102,53.5972997772714
44390.199,64.3081238769346
44390.301,57.7772390391702
44390.398,55.9273110619434
44390.5,53.9261576582357
44390.602,55.412208437746
44390.699,60.3423237781452
44390.801,67.1864489922952
44390.898,58.3682572838885
44391,75.3986190831924
44391.102,76.4706520554456
44391.199,76.2096756947968
44391.301,70.5241668447129
44391.398,68.355063352771
44391.5,78.1494502806444
44391.602,72.7427020883122
44391.699,74.9134893172694
44391.801,80.2078457346407
44391.898,63.5491399119035
44392,81.5606149791865
44392.102,71.9231343217077
44392.199,65.0905667895391
44392.301,74.3794972277822
44392.398,71.1698932992195
44392.5,72.3962896216793
44392.602,73.0768133846823
44392.699,83.9487151750962
44392.801,77.541717544071
44392.898,80.5682248848653
44393,87.2345442611826
44393.102,80.7764292429716
44393.199,97.1386316129504
44393.301,79.0126749258382
44393.398,95.6962505457908
44393.5,97.7315696588569
44393.602,108.911057580767
44393.699,110.138955828407
44393.801,114.219158697385
44393.898,110.142666524339
44394,126.540193256645
44394.102,114.282842824897
44394.199,118.388790476398
44394.301,114.882551338244
44394.398,126.882873935632
44394.5,113.178365896975
44394.602,109.518762586973
44394.699,115.193547590397
44394.801,128.05831417246
44394.898,112.572000701215
44395,107.917846505839
44395.102,110.639445246365
44395.199,110.06594592119
44395.301,104.945369379705
44395.398,107.66181814796
44395.5,93.3830616027581
44395.602,91.8451782678777
44395.699,76.9103888157767
44395.801,96.4031905176712
44395.898,102.249042767949
44396,92.5175152681482
44396.102,89.288260842061
44396.199,91.1819485857192
44396.301,81.5378016206982
44396.398,77.5878978882036
44396.5,80.5279445399766
44396.602,81.0765928189123
44396.699,81.1572530015281
44396.801,66.2972959320455
44396.898,70.0378996028949
44397,58.8451002371146
44397.102,67.9172222830186
44397.199,63.7260921448708
44397.301,70.3315619537967
44397.398,70.2297265102539
44397.5,73.3802636518568
44397.602,75.8569005984356
44397.699,77.2786844713037
44397.801,57.2829594924408
44397.898,70.6340695678293
44398,64.217679473475
44398.102,78.1431700670943
44398.199,72.1454470790111
44398.301,74.4210485023618
44398.398,77.5632270161695
44398.5,78.6668974150515
44398.602,85.4603742960222
44398.699,97.8891335746742
44398.801,100.046440594541
44398.898,100.340466339403
44399,102.748755325917
44399.102,90.3445513378179
44399.199,109.874602116795
44399.301,120.432091470493
44399.398,125.033891555033
44399.5,128.392843769474
44399.602,123.617880643325
44399.699,132.122064037438
44399.801,130.293036611724
44399.898,142.882504931684
44400,144.146988808924
44400.102,140.290075085239
44400.199,132.552392363299
44400.301,134.805605742887
44400.398,122.757938470049
44400.5,133.032864729267
44400.602,125.518071781962
44400.699,114.847354590926
44400.801,117.116478406545
44400.898,109.32966232743
44401,109.91506950226
44401.102,98.9393942014516
44401.199,101.910526894479
44401.301,93.9610325012809
44401.398,88.1419961883644
44401.5,90.5574287425605
44401.602,90.721947557225
44401.699,97.6476739623375
44401.801,86.5385166326344
44401.898,97.0500538638421
44402,88.528066275196
44402.102,101.561775377916
44402.199,97.2203803430391
44402.301,97.7073310105488
44402.398,93.4116945678183
44402.5,96.119650058889
44402.602,104.111196259527
44402.699,115.415662376931
44402.801,110.439390997861
44402.898,105.898784092492
44403,118.966999694798
44403.102,114.111265210693
44403.199,120.441294058197
44403.301,111.69671876696
44403.398,115.290184939268
44403.5,104.072905079424
44403.602,105.234639814355
44403.699,111.586479427933
44403.801,107.192975320555
44403.898,107.581299115224
44404,99.4417656771091
44404.102,93.3689715037653
44404.199,92.6999810234893
44404.301,89.0505532930541
44404.398,87.2630633821249
44404.5,86.2402118279522
44404.602,77.7634259196117
44404.699,69.1486413533093
44404.801,59.0869094888372
44404.898,60.3988650327619
44405,56.9489019117961
44405.102,56.2537517230472
44405.199,66.5152372137283
44405.301,50.4325434496412
44405.398,58.4820351816889
44405.5,44.2224498117387
44405.602,50.2083356180002
44405.699,50.6341528292079
44405.801,47.0251646640079
44405.898,55.9671975456413
44406,47.515100945945
44406.102,56.7715685723425
44406.199,45.3211414077013
44406.301,42.3559885753483
44406.398,53.4609806725196
44406.5,61.7049025138235
44406.602,59.0504289729644
44406.699,58.2929462449639
44406.801,56.7175873382846
44406.898,64.0717604684355
44407,63.5416128125872
44407.102,54.874564809928
44407.199,59.1648287347428
44407.301,54.6916544953238
44407.398,60.7717160451694
44407.5,68.2466008188222
44407.602,67.7151305456246
44407.699,60.8494775339012
44407.801,76.1557975396387
44407.898,76.179376970111
44408,78.5940105199513
44408.102,74.7682193795295
44408.199,79.8722753478725
44408.301,78.2426024274506
44408.398,79.495652266727
44408.5,76.8616919242663
44408.602,76.1070447400243
44408.699,71.1663103243147
44408.801,79.9084033393893
44408.898,78.1127575753954
44409,79.1945634013266
44409.102,83.1534290983154
44409.199,89.6548256793485
44409.301,80.8904377681415
44409.398,92.1087744569257
44409.5,91.0169376835331
44409.602,84.3259171053429
44409.699,81.516008606189
44409.801,102.78889312046
44409.898,95.5539893574765
44410,102.504566914312
44410.102,100.006305816316
44410.199,94.3797245395333
44410.301,101.457805063998
44410.398,99.9251197738184
44410.5,94.04792472908
44410.602,96.8453036349045
44410.699,90.862597948166
44410.801,90.5336523394258
44410.898,76.7210076196078
44411,87.6311185875441
44411.102,68.2795889380605
44411.199,73.5519696867006
44411.301,77.9050974842213
44411.398,69.3842958842362
44411.5,72.8567920137246
44411.602,71.4428046134425
44411.699,62.3490008938446
44411.801,68.9464670345992
44411.898,64.0653844045294
44412,60.9286630599531
44412.102,64.5231843878677
44412.199,56.2764211067392
44412.301,49.7181549136739
44412.398,58.0867054338747
44412.5,57.5542829953462
44412.602,47.2067086078292
44412.699,59.7221370564926
44412.801,43.395890642463
44412.898,44.2672348254099
44413,52.1411337972178
44413.102,35.5455715329271
44413.199,40.4011339865868
44413.301,46.0467771334817
44413.398,55.5805914353849
44413.5,57.1589928869429
44413.602,44.3115663399146
44413.699,45.8739908207983
44413.801,52.9911327903832
44413.898,57.3868620247975
44414,68.0685800078074
44414.102,55.7950471153928
44414.199,59.7788735821667
44414.301,53.6062311347417
44414.398,51.4670210160311
44414.5,59.3816193484502
44414.602,61.2604203036883
44414.699,55.7531298502972
44414.801,68.4171740027087
44414.898,70.4635536922729
44415,64.7344370438854
44415.102,70.7724319685208
44415.199,59.2755285279286
44415.301,54.2267337676862
44415.398,54.2647823442694
44415.5,64.0778842203866
44415.602,59.1552124519707
44415.699,63.544371129085
44415.801,67.03804321463
44415.898,63.5892303698498
44416,63.8902239607171
44416.102,50.1488571104712
44416.199,57.4850911978036
44416.301,59.7758522439079
44416.398,71.0807411143077
44416.5,63.878057074596
44416.602,54.4952357446741
44416.699,75.2585466312881
44416.801,70.1120544679357
44416.898,69.2434426506862
44417,68.6311974352811
44417.102,81.5089487434038
44417.199,72.0989786048328
44417.301,93.6786703328332
44417.398,83.0791394519676
44417.5,82.5596885613034
44417.602,84.9259229617824
44417.699,96.077027320809
44417.801,103.796233827509
44417.898,106.978197526287
44418,111.418488131937
44418.102,125.941407150831
44418.199,124.801651834146
44418.301,138.571461642595
44418.398,142.668684757902
44418.5,155.773554583636
44418.602,150.192336528662
44418.699,172.356743426987
44418.801,167.241409026483
44418.898,174.250028621695
44419,190.742301184675
44419.102,199.240862990478
44419.199,189.234710109621
44419.301,194.696653645901
44419.398,186.468554787543
44419.5,182.803139115992
44419.602,196.920092054232
44419.699,190.59993758495
44419.801,180.812283962152
44419.898,172.079016444882
44420,160.882153326419
44420.102,157.579823824848
44420.199,162.403531645174
44420.301,144.057440628809
44420.398,141.311307567987
44420.5,130.698176447182
44420.602,114.617983486788
44420.699,105.489975977488
44420.801,115.332056924228
44420.898,104.279649892909
44421,114.165985670334
44421.102,90.7353032796836
44421.199,90.741656536065
44421.301,83.1463606213562
44421.398,74.347046773763
44421.5,69.5216693744342
44421.602,64.9252912722898
44421.699,74.0304399488775
44421.801,61.7411385694752
44421.898,56.8238745669855
44422,59.3111645836941
44422.102,54.2610911711308
44422.199,55.9103010423661
44422.301,43.782640782796
44422.398,46.4855264179019
44422.5,52.8422328361501
44422.602,46.8284541705583
44422.699,46.802376417753
44422.801,61.1220637295471
44422.898,57.2507972754519
44423,47.8825923788783
44423.102,41.8339827515595
44423.199,43.3962495769494
44423.301,62.5247881437921
44423.398,48.692813043823
44423.5,51.5918969697277
44423.602,50.8315827641362
44423.699,58.2621697486989
44423.801,47.8713622841599
44423.898,49.2032670845023
44424,44.2776314771172
44424.102,47.3920243416603
44424.199,59.8301533105119
44424.301,59.5468714238248
44424.398,66.617881628619
44424.5,61.027296817015
44424.602,69.0545693321559
44424.699,72.9883633795874
44424.801,82.350418951249
44424.898,72.4573351830846
44425,74.127612802487
44425.102,77.9697789535364
44425.199,79.9465462647712
44425.301,80.5501574231532
44425.398,94.7370033443795
44425.5,92.8646419419475
44425.602,84.2009332233137
44425.699,94.0535900798309
44425.801,98.3180586246411
44425.898,86.832591946849
44426,87.4497307320441
44426.102,93.1307904932214
44426.199,97.5881477688464
44426.301,97.6189662585166
44426.398,96.5493611922344
44426.5,98.1651792761023
44426.602,90.5604771581356
44426.699,89.8499494176988
44426.801,95.5291749735969
44426.898,90.216198508609
44427,86.4314506469324
44427.102,75.8789728688204
44427.199,84.6686404173779
44427.301,82.6657618501138
44427.398,69.0899960583099
44427.5,73.2681947225883
44427.602,71.4614522628363
44427.699,73.896350878365
44427.801,62.0729740694126
44427.898,60.4636925540439
44428,57.3280606134216
44428.102,49.6552449100817
44428.199,59.1249167047557
44428.301,59.1135559168951
44428.398,51.1160651676478
44428.5,48.9946625618911
44428.602,46.5227265997283
44428.699,51.4133674916059
44428.801,57.990420401814
44428.898,33.6367046312569
44429,35.9891903381299
44429.102,54.7951159034786
44429.199,43.1884272714526
44429.301,45.9798037504727
44429.398,52.3073200702526
44429.5,53.16912043955
44429.602,42.974261802855
44429.699,45.5638002627764
44429.801,41.5426784148751
44429.898,42.1277752066822
44430,35.9453744157482
